<?xml version="1.0" encoding="UTF-8"?>
<actions>
<action>
	<icon>utilities-terminal</icon>
	<name>Open Terminal Here</name>
	<unique-id>1488955845049151-1</unique-id>
	<command>alacritty</command>
	<description>Example for a custom action</description>
	<patterns>*</patterns>
	<startup-notify/>
	<directories/>
</action>
<action>
	<icon>checkbox</icon>
	<name>Check sha1sum</name>
	<unique-id>1526633271260079-26</unique-id>
	<command>zenity --info --title=&quot;Check sha1 for %n&quot; --text=&quot;$(sha1sum %f)&quot;</command>
	<description>Check sha1sum</description>
	<patterns>*.iso;*.ISO</patterns>
	<other-files/>
</action>
<action>
	<icon>checkbox</icon>
	<name>Check sha256sum</name>
	<unique-id>1577688162350307-1</unique-id>
	<command>zenity --info --title=&quot;Check sha256 for %n&quot; --text=&quot;$(sha256sum %f)&quot;</command>
	<description>Check sha256sum</description>
	<patterns>*.iso;*.ISO</patterns>
	<other-files/>
</action>
<action>
	<icon>checkbox</icon>
	<name>Check md5sum</name>
	<unique-id>1526736788575383-2</unique-id>
	<command>zenity --info --title=&quot;Check md5 for %n&quot; --text=&quot;$(md5sum %f)&quot;</command>
	<description>Check md5sum</description>
	<patterns>*.iso;*.ISO;*.tar.gz;*.TAR.GZ;*.zip;*.ZIP</patterns>
	<other-files/>
</action>
<action>
	<icon>insert-link-symbolic</icon>
	<name>Create symlink</name>
	<unique-id>1526631663081446-14</unique-id>
	<command>ln -s  %f &quot;%n&quot;</command>
	<description>Softlink between two files or directories</description>
	<patterns>*</patterns>
	<directories/>
	<other-files/>
	<text-files/>
</action>
<action>
	<icon>catfish</icon>
	<name>Search with catfish</name>
	<unique-id>1489089852658523-2</unique-id>
	<command>catfish --path=$f$d</command>
	<description></description>
	<patterns>*</patterns>
	<directories/>
</action>
<action>
	<icon>archive-extract</icon>
	<name>Extract here</name>
	<unique-id>1489091300385082-4</unique-id>
	<command>tar xjf %n</command>
	<description></description>
	<patterns>*.tar.bz2;*.tbz2</patterns>
	<other-files/>
</action>
<action>
	<icon>meld</icon>
	<name>Compare</name>
	<unique-id>1492232362549799-1</unique-id>
	<command>meld %F</command>
	<description></description>
	<patterns>*</patterns>
	<directories/>
	<other-files/>
	<text-files/>
</action>
<action>
	<icon>cs-startup-programs</icon>
	<name>Run</name>
	<unique-id>1526630606202525-4</unique-id>
	<command>urxvt -e %f</command>
	<description></description>
	<patterns>*</patterns>
	<other-files/>
	<text-files/>
</action>
<action>
	<icon>system-file-manager-root</icon>
	<name>Open folder as root</name>
	<unique-id>1493475601060449-3</unique-id>
	<command>pkexec thunar %f</command>
	<description></description>
	<patterns>*</patterns>
	<directories/>
</action>
<action>
	<icon>system-reboot</icon>
	<name>Convert png to jpg</name>
	<unique-id>1510662686010963-1</unique-id>
	<command>convert %f -quality 90 `basename %f .png`.jpg</command>
	<description>Convert png to jpg</description>
	<patterns>*.png</patterns>
	<image-files/>
</action>
<action>
	<icon>gksu-root-terminal</icon>
	<name>Ownership to root</name>
	<unique-id>1526631155250282-8</unique-id>
	<command>gnome-keyring-daemon -r -d;gksu &quot;chown -R root:root %F&quot;</command>
	<description>Change permissions to root</description>
	<patterns>*</patterns>
	<directories/>
	<audio-files/>
	<image-files/>
	<other-files/>
	<text-files/>
	<video-files/>
</action>
<action>
	<icon>system-switch-user</icon>
	<name>Ownership to user</name>
	<unique-id>1526631178674034-9</unique-id>
	<command>gnome-keyring-daemon -r -d;gksu &quot;chown -R $USER:$USER %F&quot;</command>
	<description>Change permissions to user</description>
	<patterns>*</patterns>
	<directories/>
	<audio-files/>
	<image-files/>
	<other-files/>
	<text-files/>
	<video-files/>
</action>
<action>
	<icon>application-x-executable</icon>
	<name>Make executable</name>
	<unique-id>1526670239648084-2</unique-id>
	<command>chmod +x %f</command>
	<description>Make a file execuble</description>
	<patterns>*</patterns>
	<other-files/>
	<text-files/>
</action>
<action>
	<icon>conky-manager</icon>
	<name>Conkyzen</name>
	<unique-id>1510943357717982-3</unique-id>
	<command>am-conkyzen</command>
	<description>conkyzen</description>
	<patterns>*</patterns>
	<directories/>
	<audio-files/>
	<image-files/>
	<other-files/>
	<text-files/>
	<video-files/>
</action>
<action>
	<icon>gitahead</icon>
	<name>Open with gitahead</name>
	<unique-id>1587287434852027-1</unique-id>
	<command>gitahead %F</command>
	<description>Open with gitahead</description>
	<patterns>*</patterns>
	<directories/>
</action>
<action>
	<icon>gitfiend</icon>
	<name>Open with gitfiend</name>
	<unique-id>1587287435012027-1</unique-id>
	<command>gitfiend %F</command>
	<description>Open with gitfiend</description>
	<patterns>*</patterns>
	<directories/>
</action>
<action>
	<icon>com.deepin.ScreenShot</icon>
	<name>Set as wallpaper DS</name>
	<unique-id>1637670737487118-1</unique-id>
	<command>feh --bg-fill --no-xinerama %f</command>
	<description>Set as wallpaper using feh dual screen</description>
	<patterns>*</patterns>
	<image-files/>
</action>
<action>
	<icon>kscreenshot</icon>
	<name>Set as wallpaper SS</name>
	<unique-id>1637670897220972-2</unique-id>
	<command>feh --bg-fill %f</command>
	<description>Set as wallpaper using feh single screen</description>
	<patterns>*</patterns>
	<image-files/>
</action>
</actions>
